,level-1,level-2,level-3,level-4,level-5,member-1,member-2,member-3,member-4,member-5,member-6,limited-1,limited-2,limited-3,compatible-1,compatible-2,compatible-3,compatible-4,compatible-5,compatible-6,compatible-7,compatible-8,compatible-9,productive-1,syntax_role-1,syntax_role-2,syntax_role-3,syntax_role-4,syntax_role-5,syntax_role-6,special-1,special-2,paraphrase-1,paraphrase-2,paraphrase-3,paraphrase-4,paraphrase-5,etymology-1,etymology-2,etymology-3,etymology-4,animated-1,animated-2,animated-3,reference-1,reference-2,reference-3,semantic_role-1,semantic_role-2,semantic_role-3,semantic_role-4,semantic_role-5,semantic_role-6,semantic_role-7,semantic_role-8,semantic_role-9,semantic_role-10,semantic_role-11,semantic_role-12,semantic_role-13,semantic_role-14,semantic_role-15,semantic_role-16,semantic_role-17,semantic_role-18,semantic_role-19,limited_comember-1,limited_comember-2,state-1,state-2,involvement-1,involvement-2,involvement-3,involvement-4,theme_rheme-1,theme_rheme-2,theme_rheme-3,theme_rheme-4,region
hae-1,0,1,1,0,0,0,1,0,0,IRR,1,ND,0,1,1,ND,1,1,ND,ND,ND,ND,ND,1,1,1,1,1,1,ND,1,1,0,0,0,0,0,0,ND,ND,ND,1,1,1,1,1,ND,ND,ND,ND,ND,ND,ND,ND,1,ND,ND,1,ND,1,ND,1,ND,1,1,1,ND,ND,1,1,ND,ND,ND,ND,1,1,ND,ND,Africa
hae-2,0,ND,ND,ND,1,0,0,1,0,IRR,IRR,ND,ND,ND,1,1,1,1,ND,ND,ND,ND,ND,1,1,ND,1,1,ND,ND,0,0,0,0,0,0,0,0,1,1,ND,1,1,1,1,ND,1,ND,ND,1,1,ND,1,ND,ND,ND,ND,1,ND,ND,ND,ND,ND,ND,ND,1,ND,ND,1,1,ND,ND,ND,ND,ND,1,ND,ND,Africa
hae-3,1,0,0,0,0,1,0,0,0,0,IRR,0,IRR,0,1,0,0,0,ND,ND,ND,ND,ND,0,ND,ND,ND,ND,1,ND,1,1,0,0,0,0,0,0,1,0,ND,0,1,1,1,0,0,ND,ND,1,1,ND,ND,ND,ND,ND,ND,1,ND,ND,ND,ND,ND,ND,ND,ND,ND,ND,1,1,ND,ND,ND,ND,ND,1,ND,ND,Africa
luo-1,0,0,0,0,1,0,0,1,0,IRR,ND,IRR,1,1,1,ND,0,1,1,ND,ND,ND,ND,1,1,ND,1,1,1,ND,0,0,0,0,1,1,0,ND,IRR,IRR,IRR,1,ND,1,1,1,ND,1,1,1,1,1,1,1,1,ND,ND,1,ND,ND,ND,ND,ND,ND,ND,1,ND,ND,1,1,1,ND,1,ND,ND,1,ND,ND,Africa
djm-1,0,0,0,0,1,0,0,1,0,IRR,IRR,ND,ND,ND,1,ND,ND,ND,ND,ND,ND,ND,ND,ND,ND,ND,ND,ND,1,1,0,0,0,0,0,1,0,IRR,IRR,IRR,IRR,ND,ND,1,1,ND,ND,ND,ND,ND,ND,ND,ND,1,ND,ND,ND,1,ND,ND,ND,ND,ND,ND,ND,ND,0,ND,1,1,ND,ND,ND,ND,ND,ND,ND,ND,Africa
djm-2,0,0,0,0,1,0,0,1,0,IRR,IRR,ND,ND,ND,1,ND,ND,ND,ND,ND,ND,ND,ND,ND,ND,ND,ND,1,ND,ND,0,0,0,0,0,1,0,IRR,IRR,IRR,IRR,ND,ND,1,1,ND,ND,ND,ND,1,ND,ND,ND,ND,ND,ND,ND,ND,ND,ND,ND,ND,ND,ND,ND,ND,ND,ND,ND,1,ND,ND,ND,ND,ND,ND,ND,ND,Africa
djm-3,0,0,0,0,1,0,0,1,0,IRR,IRR,ND,ND,ND,ND,ND,ND,ND,ND,ND,1,ND,ND,ND,ND,ND,ND,1,ND,ND,0,0,0,0,1,0,0,IRR,IRR,IRR,IRR,ND,ND,1,1,ND,ND,ND,ND,ND,ND,ND,ND,ND,ND,ND,1,ND,ND,ND,ND,ND,ND,ND,ND,ND,ND,ND,ND,ND,ND,ND,ND,ND,ND,ND,ND,ND,Africa
zul-1,0.0,0.0,1.0,0.0,0.0,0.0,1.0,0.0,0.0,ND,ND,0.0,ND,1.0,1.0,1.0,1.0,ND,ND,ND,ND,ND,ND,ND,1.0,ND,1.0,ND,ND,ND,0.0,0.0,0.0,0.0,0.0,0.0,ND,ND,1.0,0.0,ND,1.0,ND,1.0,1.0,1.0,ND,1.0,1.0,ND,ND,ND,ND,1.0,ND,ND,ND,ND,ND,ND,1.0,ND,1.0,ND,ND,1.0,ND,ND,1.0,1.0,ND,ND,ND,ND,1.0,1.0,ND,ND,Africa
heb-1,0.0,0.0,1.0,0.0,1.0,0.0,1.0,0.0,1.0,0.0,0.0,0.0,0.0,1.0,1.0,1.0,0.0,1.0,1.0,1.0,1.0,1.0,0.0,1.0,1.0,0.0,1.0,1.0,1.0,0.0,1.0,1.0,0.0,0.0,0.0,0.0,0.0,0.0,1.0,0.0,0.0,1.0,1.0,1.0,1.0,1.0,1.0,1.0,1.0,1.0,1.0,1.0,1.0,1.0,1.0,1,1.0,1.0,1.0,1.0,1.0,0.0,0.0,0.0,1.0,0.0,0,0,1.0,1.0,1.0,0.0,1.0,1.0,1.0,1.0,1.0,1.0,Africa
heb-2,0.0,0.0,0.0,0.0,1.0,0.0,0.0,0.0,1.0,0.0,0.0,0.0,0.0,0.0,0.0,0.0,0.0,1.0,1.0,1.0,1.0,0.0,0.0,1.0,1.0,0.0,0.0,0.0,0.0,0.0,1.0,1.0,0.0,0.0,0.0,0.0,0.0,0.0,1.0,0.0,ND,0.0,0.0,0.0,0.0,0.0,0.0,0.0,0.0,0.0,0.0,0.0,0.0,0.0,0.0,0.0,0.0,0.0,0.0,0.0,0.0,0.0,0.0,0.0,1.0,0.0,0.0,0.0,0.0,0.0,0.0,0.0,0.0,0.0,1.0,1.0,1.0,1.0,Africa
heb-3,0.0,0.0,1.0,0.0,0.0,0.0,1.0,0.0,0.0,0.0,0.0,0.0,0.0,1.0,1.0,1.0,0.0,1.0,0.0,0.0,1.0,1.0,0.0,1.0,1.0,0.0,1.0,1.0,1.0,0.0,0.0,0.0,0.0,0.0,0.0,0.0,0.0,0.0,1.0,1.0,0.0,1.0,1.0,1.0,1.0,1.0,1.0,1.0,1.0,1.0,1.0,1.0,1.0,1.0,1.0,1,1.0,1.0,1.0,1,1.0,0.0,0.0,0.0,1.0,0.0,0,0,1.0,1.0,1.0,0.0,1.0,1.0,1.0,1.0,1.0,1.0,Africa
heb-4,0.0,0.0,1.0,0.0,0.0,0.0,1.0,0.0,0.0,0.0,0.0,0.0,0.0,1.0,1.0,0.0,0.0,1.0,0.0,0.0,0,1.0,0.0,1.0,1.0,0.0,1.0,1.0,0,0.0,0.0,0.0,0.0,0.0,0.0,0.0,0.0,0.0,1.0,1.0,0.0,0.0,1.0,1.0,1,1.0,1.0,0.0,1.0,1.0,1.0,0.0,1.0,1.0,1.0,1,1.0,1.0,1.0,1,1.0,0.0,0.0,0.0,1.0,0.0,0,0,1.0,1.0,0,0.0,1.0,0,1.0,1.0,1.0,1.0,Africa
heb-5,0.0,0.0,1,0.0,0.0,0.0,0.0,0.0,1.0,0.0,1.0,0.0,1.0,1,1.0,1,0.0,1.0,0.0,0.0,0,1,0.0,1.0,1.0,0.0,0.0,1.0,1.0,1.0,1.0,1.0,0.0,0.0,0.0,0.0,0.0,0.0,1.0,0.0,1.0,1,1,1.0,1.0,0.0,0.0,1,0.0,1.0,0.0,0.0,1.0,1.0,1.0,0.0,1.0,1.0,0.0,0.0,0.0,0.0,0.0,0.0,0.0,ND,0,0,1.0,1.0,0.0,0.0,0.0,0.0,1.0,1.0,1.0,0,Africa
heb-6,0.0,0.0,1.0,0.0,0.0,0.0,1.0,0.0,0.0,0.0,1.0,0.0,1.0,1.0,1.0,1.0,1.0,1.0,0.0,0.0,0,1.0,0.0,1,0.0,0.0,1,0.0,0.0,0.0,1.0,1.0,0.0,0.0,0.0,0.0,0.0,0.0,1.0,1.0,0.0,1.0,1,1,0.0,1.0,0.0,1.0,1.0,0.0,0.0,0.0,1.0,0.0,0.0,0.0,0.0,0.0,0.0,1,1.0,0.0,0.0,0.0,0.0,0.0,0,0,1.0,0.0,1.0,1.0,1.0,1.0,1.0,1.0,1.0,1.0,Africa
ikx-1,0,0,0,0,1,0,0,1,0,IRR,IRR,ND,ND,ND,1,ND,ND,ND,1,ND,ND,ND,ND,1,1,ND,1,1,1,ND,0,0,0,0,1,1,0,0,IRR,IRR,0,ND,ND,1,1,ND,ND,ND,ND,ND,ND,ND,ND,ND,ND,ND,ND,1,ND,ND,ND,ND,ND,ND,1,1,ND,ND,1,1,ND,ND,ND,ND,ND,1,ND,ND,Africa
yor-1,0.0,0.0,1.0,0.0,0.0,0.0,1.0,0.0,0.0,ND,ND,ND,ND,ND,1.0,ND,1.0,ND,ND,ND,ND,ND,ND,ND,1.0,ND,ND,ND,ND,ND,ND,ND,0.0,ND,ND,ND,ND,ND,ND,ND,ND,ND,ND,1.0,1.0,ND,ND,ND,1.0,ND,1.0,ND,ND,ND,ND,ND,ND,ND,ND,ND,ND,ND,ND,ND,ND,ND,ND,ND,1.0,ND,ND,ND,ND,ND,1.0,1.0,ND,ND,Africa
yor-2,1,0.0,1,0.0,0.0,1.0,0.0,0.0,0.0,ND,ND,ND,ND,ND,1.0,ND,ND,ND,ND,ND,ND,ND,ND,1,0,0,0,1.0,0,0,ND,ND,0.0,ND,ND,ND,ND,ND,ND,ND,ND,1.0,ND,1.0,1.0,ND,ND,ND,ND,ND,ND,ND,ND,1.0,ND,ND,ND,ND,ND,ND,ND,ND,ND,ND,ND,1.0,ND,ND,ND,1.0,ND,ND,ND,ND,ND,ND,ND,ND,Africa
kfz-1,0,0,0,0,0,0,0,1,0,IRR,IRR,ND,ND,ND,1,1,ND,ND,ND,ND,ND,ND,ND,ND,0,0,0,ND,1,ND,0,0,1,ND,0,0,1,IRR,IRR,IRR,IRR,1,ND,1,1,1,ND,1,1,0,0,ND,ND,ND,ND,ND,ND,ND,ND,ND,ND,ND,ND,ND,ND,1,ND,ND,1,1,1,ND,ND,ND,1,ND,ND,ND,Africa
kfz-2,0,0,0,0,0,0,0,1,0,IRR,IRR,ND,ND,ND,1,ND,ND,ND,ND,ND,ND,ND,ND,ND,0,0,0,ND,1,ND,0,0,0,0,0,1,0,IRR,IRR,IRR,IRR,0,0,1,1,ND,ND,0,ND,ND,ND,ND,ND,ND,ND,0,ND,1,ND,1,ND,ND,ND,ND,ND,ND,ND,ND,1,1,0,0,ND,ND,1,ND,ND,ND,Africa
kfz-3,0,0,0,0,0,0,0,1,0,IRR,IRR,ND,ND,ND,1,ND,ND,ND,ND,ND,ND,ND,ND,ND,0,0,0,ND,1,ND,0,0,0,0,0,1,1,IRR,IRR,IRR,IRR,ND,ND,1,1,ND,ND,0,ND,ND,ND,ND,ND,ND,ND,ND,ND,1,ND,1,ND,ND,ND,ND,ND,ND,ND,ND,1,1,0,0,ND,ND,1,ND,ND,ND,Africa
sad-1,0.0,1.0,1.0,1,0.0,0.0,0.0,1,ND,IRR,IRR,ND,1,1.0,1.0,ND,ND,ND,ND,ND,ND,ND,ND,ND,0.0,ND,ND,1,1.0,ND,0.0,0.0,1.0,0.0,0.0,0.0,ND,0.0,0.0,0.0,ND,ND,ND,1.0,1,ND,1,1,1,ND,ND,ND,ND,ND,ND,ND,ND,1,ND,ND,ND,ND,ND,ND,ND,ND,ND,ND,ND,ND,ND,ND,ND,ND,ND,1.0,ND,ND,Africa
sad-2,0.0,0.0,0.0,0.0,1,0.0,0.0,1,0.0,ND,ND,ND,ND,ND,1.0,ND,ND,ND,ND,ND,ND,ND,ND,ND,ND,ND,1,ND,ND,ND,1,0.0,0.0,0.0,0,0.0,0.0,0.0,1.0,1.0,ND,ND,ND,1.0,1.0,ND,ND,ND,1,ND,ND,ND,ND,ND,ND,ND,ND,ND,ND,1,ND,ND,ND,ND,ND,ND,ND,ND,1,ND,ND,ND,1,ND,ND,1,ND,ND,Africa
sad-3,0,0.0,0.0,0.0,1,0,0.0,1,0.0,ND,ND,ND,ND,ND,1.0,ND,ND,ND,ND,ND,ND,ND,ND,ND,ND,ND,ND,1.0,1,1,0.0,0.0,0.0,0.0,0.0,1,ND,0.0,1.0,1.0,ND,ND,ND,1.0,1.0,ND,ND,ND,ND,1.0,ND,ND,ND,1.0,1.0,ND,ND,1.0,ND,ND,ND,ND,ND,ND,ND,ND,ND,ND,ND,1.0,ND,ND,ND,ND,ND,ND,ND,ND,Africa
guk-1,0,0,1,0,0,0,1,0,0,IRR,ND,ND,ND,1,ND,ND,1,ND,ND,1,ND,ND,ND,ND,1,ND,ND,ND,ND,ND,1,0,IRR,IRR,IRR,IRR,IRR,0,1,0,ND,1,ND,1,1,1,ND,1,ND,ND,ND,ND,ND,ND,ND,ND,ND,ND,ND,ND,ND,ND,ND,ND,1,ND,ND,ND,1,ND,1,ND,ND,ND,ND,ND,ND,ND,Africa
hau-1,0,0,1,0,0,0,1,0,ND,IRR,ND,1,1,ND,1,ND,ND,1,ND,ND,ND,ND,ND,ND,1,ND,1,1,0,ND,0,0,0,0,1,0,ND,0,0,0,1,1,1,1,1,ND,ND,1,ND,1,1,1,ND,1,1,ND,ND,ND,ND,1,1,ND,ND,ND,1,1,ND,ND,1,1,1,ND,ND,ND,1,1,ND,ND,Africa
hau-2,0,0,1,0,0,0,1,0,ND,IRR,ND,1,1,1,1,ND,ND,ND,ND,1,ND,ND,ND,ND,1,ND,1,ND,ND,ND,0,0,1,0,1,0,ND,IRR,IRR,IRR,ND,ND,ND,1,1,1,ND,ND,1,ND,ND,ND,ND,ND,ND,ND,ND,ND,ND,1,ND,ND,ND,ND,1,ND,ND,ND,1,ND,ND,ND,ND,1,ND,1,ND,ND,Africa
hau-3,0,0,1,0,0,0,1,0,ND,IRR,ND,1,ND,ND,1,ND,ND,ND,1,ND,ND,ND,ND,ND,1,ND,1,1,1,ND,0,0,1,0,0,0,ND,IRR,IRR,IRR,IRR,ND,ND,1,1,ND,ND,ND,ND,ND,ND,ND,ND,ND,1,ND,ND,1,ND,ND,1,ND,1,1,1,1,ND,ND,1,1,ND,ND,ND,ND,ND,1,ND,ND,Africa
hau-4,0,0,1,0,0,0,1,0,ND,IRR,1,1,0,ND,1,ND,ND,ND,ND,ND,ND,ND,ND,1,ND,ND,1,1,1,1,1,1,IRR,IRR,IRR,IRR,ND,0,1,0,ND,ND,ND,1,1,ND,ND,ND,ND,ND,ND,ND,ND,ND,1,ND,ND,1,ND,1,1,ND,ND,ND,ND,ND,ND,ND,1,1,ND,ND,ND,ND,ND,1,ND,ND,Africa
ewe-1,0,0,0,0,1,0,0,1,0,ND,ND,IRR,1,1,1,ND,1,1,ND,ND,ND,ND,ND,1,ND,ND,1,1,1,ND,0,0,0,0,1,0,0,IRR,IRR,IRR,0,1,ND,1,1,1,ND,1,1,ND,ND,ND,1,ND,1,ND,ND,ND,ND,ND,1,ND,ND,ND,1,1,ND,ND,1,ND,ND,ND,ND,ND,1,1,1,ND,Africa
eus-1,0,0,1,0,0,1,1,0,0,1,0,0,0,1,1,1,1,1,1,0,ND,0,ND,1,1,0,1,1,1,1,1,1,0,0,0,0,0,ND,1,0,0,1,1,1,1,1,ND,1,1,1,1,1,1,1,1,1,1,ND,ND,1,1,0,0,0,1,ND,0,0,1,1,ND,ND,1,1,1,1,1,1,Eurasia
fin-1,0,1,1,0,0,1,1,0,0,0,0,IRR,1,1,1,1,1,1,1,0,0,0,ND,1,1,0,1,1,1,0,1,1,0,0,0,0,ND,0,0,0,ND,1,1,1,1,1,0,1,1,1,1,1,1,1,1,1,1,1,1,1,1,1,0,1,1,ND,0,0,1,1,1,1,1,1,1,1,1,1,Eurasia
fin-2,0,1,0,0,0,1,0,0,0,0,IRR,IRR,1,ND,1,ND,1,0,1,0,0,0,ND,1,1,0,1,1,1,0,1,1,0,0,0,0,ND,0,0,0,ND,1,1,1,1,1,0,1,1,ND,ND,1,ND,ND,ND,1,1,1,ND,ND,ND,0,0,0,1,ND,ND,ND,1,1,1,ND,ND,ND,1,1,ND,ND,Eurasia
fin-3,0,1,1,0,0,1,1,0,ND,0,0,IRR,1,1,1,1,1,1,0,0,0,0,ND,1,1,0,1,1,1,1,1,1,0,0,0,0,ND,0,1,0,ND,1,1,1,1,1,1,1,1,1,1,1,1,1,1,1,1,1,1,1,1,1,1,1,0,1,0,0,1,1,1,1,1,1,1,1,1,1,Eurasia
fin-4,1,0,0,0,0,1,0,0,0,1,IRR,IRR,0,0,1,0,0,0,1,0,0,0,ND,0,1,0,ND,1,1,1,1,1,0,0,0,0,ND,0,0,0,ND,1,1,1,1,0,0,0,0,1,1,1,1,1,ND,0,1,1,ND,ND,0,0,0,0,1,1,1,0,0,1,0,0,0,0,1,1,1,1,Eurasia
lez-1,0,1,0,0,1,1,0,1,0,IRR,1,IRR,1,1,1,ND,1,ND,ND,ND,ND,ND,ND,1,1,ND,1,0,ND,0,1,0,0,0,0,0,0,0,1,1,0,1,ND,1,1,1,ND,1,1,ND,ND,ND,ND,ND,ND,ND,ND,ND,ND,ND,1,ND,ND,ND,1,1,ND,ND,1,ND,1,ND,ND,ND,1,1,ND,ND,Eurasia
lez-2,0,1,0,0,1,1,0,1,0,IRR,ND,IRR,1,1,1,ND,1,ND,ND,ND,ND,ND,ND,1,0,ND,0,1,ND,1,1,0,0,0,0,0,0,0,1,1,0,1,ND,1,1,1,ND,ND,ND,ND,ND,ND,ND,1,1,ND,ND,ND,ND,ND,ND,ND,ND,ND,ND,ND,ND,ND,ND,1,ND,ND,ND,ND,ND,ND,ND,ND,Eurasia
lez-3,0,1,0,0,1,1,0,1,0,IRR,ND,IRR,1,1,1,ND,ND,ND,ND,ND,ND,ND,ND,1,1,ND,1,0,ND,ND,1,0,0,0,0,0,0,0,1,1,0,1,1,1,1,1,ND,ND,ND,ND,ND,ND,ND,ND,ND,ND,ND,ND,ND,ND,ND,ND,ND,ND,1,1,ND,ND,1,ND,ND,ND,ND,ND,1,1,ND,ND,Eurasia
lez-4,0,1,0,0,1,1,0,1,0,IRR,1,IRR,1,1,1,ND,ND,ND,ND,ND,ND,ND,ND,1,0,ND,0,1,ND,ND,1,0,0,0,0,0,0,0,1,1,0,1,1,1,1,1,ND,ND,ND,1,ND,ND,1,1,ND,ND,ND,1,ND,ND,1,ND,ND,ND,ND,1,ND,ND,ND,1,ND,ND,ND,ND,1,ND,ND,ND,Eurasia
lez-5,0,1,0,0,1,1,0,1,0,IRR,ND,IRR,1,1,1,ND,ND,ND,ND,ND,ND,ND,ND,1,1,ND,ND,0,1,ND,1,0,0,0,0,0,0,0,1,1,0,ND,1,1,1,ND,ND,ND,ND,ND,1,ND,ND,ND,ND,ND,ND,ND,ND,ND,1,ND,ND,ND,ND,1,ND,ND,1,0,ND,ND,ND,ND,1,1,ND,ND,Eurasia
lez-6,0,1,0,0,1,1,0,1,0,IRR,ND,IRR,1,1,1,ND,ND,ND,ND,ND,ND,ND,ND,1,0,ND,ND,1,0,ND,1,0,0,0,0,0,0,0,1,1,0,ND,1,1,1,ND,ND,ND,ND,ND,1,ND,ND,ND,ND,ND,ND,ND,ND,ND,ND,ND,ND,ND,ND,ND,ND,ND,1,0,ND,ND,ND,ND,ND,ND,ND,ND,Eurasia
lez-7,0,1,0,0,1,1,0,1,0,IRR,ND,IRR,1,1,1,ND,ND,ND,ND,ND,ND,ND,ND,1,1,ND,ND,0,ND,ND,1,0,0,0,0,0,0,0,1,1,0,ND,ND,1,1,ND,ND,ND,ND,ND,ND,1,ND,ND,ND,ND,ND,ND,ND,ND,ND,ND,ND,ND,ND,1,ND,ND,1,ND,ND,ND,ND,ND,ND,ND,ND,ND,Eurasia
lez-8,0,1,0,0,1,1,0,1,0,IRR,1,IRR,1,1,1,ND,ND,ND,ND,ND,ND,ND,ND,1,0,ND,ND,1,ND,ND,1,0,0,0,0,0,0,0,1,1,0,ND,ND,1,1,ND,ND,ND,ND,ND,ND,ND,ND,1,1,ND,ND,1,ND,ND,ND,ND,ND,ND,ND,ND,ND,ND,ND,1,ND,ND,ND,ND,ND,ND,ND,ND,Eurasia
lez-9,0,1,0,0,1,1,0,1,0,IRR,ND,IRR,1,1,1,ND,1,ND,ND,ND,ND,ND,ND,1,ND,ND,1,0,ND,ND,1,0,0,0,0,0,0,0,1,1,0,1,ND,1,1,1,ND,ND,ND,ND,ND,ND,ND,ND,ND,ND,ND,ND,ND,ND,ND,1,ND,ND,1,1,ND,ND,1,ND,ND,ND,ND,ND,ND,ND,ND,ND,Eurasia
lez-10,0,1,0,0,1,1,0,1,0,IRR,ND,IRR,1,1,1,ND,1,ND,ND,ND,ND,ND,ND,1,ND,ND,0,1,ND,ND,1,0,0,0,0,0,0,0,1,1,0,1,ND,1,1,1,ND,ND,ND,ND,ND,ND,1,1,1,ND,ND,1,1,ND,ND,ND,ND,ND,1,1,ND,ND,ND,1,ND,ND,ND,ND,ND,ND,ND,ND,Eurasia
lez-11,1,0,0,0,0,1,0,0,0,1,0,IRR,0,0,1,ND,ND,ND,ND,ND,ND,1,1,0,ND,ND,1,1,1,ND,1,1,IRR,IRR,IRR,IRR,IRR,1,0,0,0,0,0,1,1,0,0,ND,ND,ND,1,ND,ND,ND,1,ND,ND,1,ND,ND,ND,ND,ND,ND,ND,1,ND,ND,1,1,ND,ND,ND,ND,ND,1,ND,ND,Eurasia
tel-1,0,1,0,0,1,0,0,1,0,IRR,1,IRR,1,1,1,1,1,1,0,0,0,0,ND,1,1,1,1,0,1,0,1,0,0,0,0,0,ND,0,1,1,ND,1,1,1,1,1,ND,1,1,1,1,1,1,1,1,1,ND,1,1,1,1,0,0,0,0,ND,ND,ND,1,1,1,1,1,1,1,1,1,1,Eurasia
khk-1,0,0,1,0,0,0,1,0,0,0,1,IRR,1,1,1,1,1,1,0,0,1,0,ND,1,1,0,1,1,1,0,0,0,0,0,0,0,ND,0,1,1,ND,1,1,1,1,1,1,1,1,1,1,1,1,1,1,1,1,1,1,1,1,0,0,0,0,ND,0,0,1,1,1,1,1,1,1,1,1,1,Eurasia
hin-1,0,1,1,0,0,1,1,0,0,IRR,0,IRR,1,1,1,1,1,1,1,0,0,0,1,1,1,1,1,1,1,0,1,1,0,0,0,0,0,0,0,0,ND,1,1,1,1,1,1,1,1,1,1,1,1,1,1,1,1,1,1,1,1,1,1,0,1,1,0,0,1,1,1,1,1,1,1,1,1,1,Eurasia
hin-2,0,1,1,0,0,1,1,0,0,0,0,IRR,1,1,1,1,1,1,1,0,0,0,0,1,1,1,1,1,1,0,1,1,0,0,0,0,0,1,0,0,ND,1,1,1,1,1,1,1,1,1,1,1,1,1,1,1,1,1,ND,1,1,1,1,ND,1,ND,ND,ND,1,1,1,1,1,1,1,1,1,1,Eurasia
mya-1,0,0,0,0,1,0,0,1,0,IRR,IRR,0,0,1,0,0,0,0,0,1,0,0,0,1,IRR,IRR,IRR,IRR,IRR,ND,0,0,0,0,0,0,ND,0,1,1,ND,ND,1,1,1,1,1,1,ND,1,1,ND,ND,ND,ND,ND,ND,ND,ND,ND,ND,ND,ND,ND,1,ND,ND,0,1,ND,1,ND,ND,ND,1,ND,ND,ND,Southeast Asia & Oceania
mya-2,0,0,0,0,1,0,0,1,0,IRR,IRR,0,0,1,0,0,0,0,0,1,0,0,0,1,IRR,IRR,IRR,IRR,IRR,ND,0,0,0,0,0,0,ND,0,1,1,ND,ND,ND,1,1,ND,1,ND,ND,ND,ND,ND,ND,ND,ND,ND,ND,ND,ND,ND,ND,ND,ND,ND,1,ND,ND,ND,ND,ND,ND,ND,ND,ND,ND,ND,ND,ND,Southeast Asia & Oceania
mky-1,0,0,0,0,1,0,0,1,0,IRR,IRR,ND,ND,ND,1,ND,ND,ND,ND,ND,ND,ND,ND,ND,ND,ND,ND,1,1,ND,0,0,0,0,0,1,0,0,0,0,ND,ND,ND,1,1,ND,ND,ND,ND,ND,ND,ND,ND,ND,1,ND,ND,ND,ND,ND,ND,ND,ND,ND,ND,ND,ND,ND,ND,1,ND,ND,ND,ND,ND,ND,ND,ND,Southeast Asia & Oceania
vie-1,0,0,1,0,0,0,1,0,ND,0,0,0,IRR,0,1,0,0,0,0,0,0,0,1,1,0,0,0,1,0,0,1,1,0,0,0,0,ND,1,0,1,ND,0,1,1,1,0,0,0,0,0,0,0,0,1,0,1,0,0,0,0,0,0,0,0,0,ND,0,0,0,1,0,0,0,0,1,1,0,0,Southeast Asia & Oceania
vie-2,0,0,0,0,1,0,0,1,ND,0,0,1,IRR,1,1,1,1,0,0,0,0,0,0,1,1,0,1,1,1,0,0,0,0,1,0,0,ND,1,0,1,ND,1,1,1,1,1,1,1,1,1,0,0,1,0,1,0,1,1,1,1,1,0,0,1,1,ND,0,0,0,1,0,0,1,1,1,1,1,1,Southeast Asia & Oceania
vie-3,0,0,0,0,1,0,0,1,ND,0,0,1,IRR,1,1,0,0,0,0,0,0,0,ND,0,1,0,0,1,1,0,0,0,0,1,0,1,ND,0,1,0,ND,0,0,1,1,1,1,0,0,0,0,0,0,1,0,0,0,0,0,0,0,0,0,0,0,ND,0,0,0,1,0,0,0,0,1,1,1,1,Southeast Asia & Oceania
vie-4,0,0,0,0,1,0,0,1,ND,0,0,1,IRR,1,1,1,1,1,1,IRR,0,1,0,1,1,0,1,1,1,0,0,0,0,0,0,1,ND,1,1,0,ND,1,1,1,1,1,1,1,0,1,1,1,1,1,1,0,0,0,0,1,1,0,0,0,0,ND,0,0,1,1,1,0,1,0,1,1,1,1,Southeast Asia & Oceania
grt-1,0.0,0,1,0.0,0.0,0,1,0.0,0.0,IRR,ND,IRR,0,0,1.0,1,1.0,1,ND,0.0,0.0,0.0,0.0,ND,1.0,ND,1.0,0,1,0,1.0,1.0,0.0,0.0,0.0,0.0,0.0,0.0,0.0,0.0,ND,ND,1.0,1.0,1.0,1.0,ND,1.0,1,ND,ND,1.0,ND,1.0,1.0,ND,ND,1.0,ND,1.0,1.0,ND,ND,ND,ND,ND,ND,ND,1.0,ND,1.0,ND,1.0,ND,1.0,1.0,ND,ND,Southeast Asia & Oceania
grt-2,0.0,0,1,0.0,0.0,0,1,0.0,0.0,ND,ND,IRR,0,0,1.0,ND,ND,ND,ND,ND,ND,ND,ND,ND,ND,ND,1.0,ND,ND,ND,1.0,1.0,0.0,0.0,0.0,0.0,0.0,1.0,ND,ND,ND,ND,1.0,ND,1.0,ND,ND,ND,ND,1,1.0,ND,ND,ND,ND,ND,ND,ND,ND,1.0,1.0,ND,ND,ND,ND,ND,ND,ND,1.0,ND,ND,ND,ND,ND,ND,1.0,ND,ND,Southeast Asia & Oceania
ind-1,0,0,1,0,0,0,1,0,0,IRR,0,IRR,1,1,1,1,1,1,1,0,0,0,0,1,1,0,1,1,1,1,1,1,IRR,IRR,IRR,IRR,IRR,1,0,0,0,1,1,1,1,1,1,1,1,1,1,1,1,1,1,1,1,1,1,1,1,0,0,0,1,1,0,0,1,1,1,1,1,1,1,1,1,1,Southeast Asia & Oceania
ind-2,0,0,1,0,0,0,1,0,0,0,0,IRR,1,1,1,ND,ND,1,ND,ND,ND,ND,ND,ND,1,ND,1,1,ND,ND,1,1,IRR,IRR,IRR,IRR,IRR,1,0,0,0,ND,1,1,1,1,ND,1,ND,ND,ND,ND,ND,ND,1,ND,ND,ND,ND,1,1,ND,ND,ND,1,ND,ND,ND,1,1,1,ND,ND,ND,1,ND,ND,ND,Southeast Asia & Oceania
ind-3,0,0,1,0,0,0,1,0,0,IRR,0,IRR,1,1,1,1,ND,ND,1,ND,ND,ND,ND,ND,1,ND,1,1,1,ND,1,1,IRR,IRR,IRR,IRR,IRR,1,0,0,0,ND,ND,1,1,1,ND,1,ND,1,ND,1,ND,ND,ND,ND,ND,ND,ND,1,1,ND,ND,ND,1,ND,ND,ND,1,1,1,ND,ND,ND,1,ND,ND,ND,Southeast Asia & Oceania
cmn-1,0,0,0,0,1,0,0,1,ND,IRR,IRR,1,IRR,1,1,1,1,1,IRR,1,0,0,ND,1,0,0,0,1,0,1,0,0,0,0,0,1,ND,0,0,1,ND,1,1,1,1,1,1,1,1,1,1,1,1,1,1,1,1,1,1,0,0,0,0,0,0,ND,0,0,1,1,1,0,1,0,1,1,0,0,Southeast Asia & Oceania
cmn-2,0,0,0,0,1,0,0,1,ND,IRR,IRR,1,IRR,1,1,1,1,1,IRR,1,0,0,ND,1,1,0,1,0,1,0,0,0,0,1,0,0,ND,0,0,1,ND,1,1,1,1,1,1,1,1,1,1,1,1,0,0,1,0,0,0,1,1,0,0,0,1,ND,0,0,1,0,1,1,1,1,1,1,1,1,Southeast Asia & Oceania
khm-1,0,0,1,0,0,0,1,0,0,IRR,IRR,IRR,IRR,1,1,1,1,ND,ND,0,IRR,IRR,ND,1,1,ND,1,1,1,ND,0,0,0,0,1,1,ND,0,0,1,ND,0,1,1,1,1,1,0,1,1,1,ND,1,0,0,ND,1,ND,ND,ND,ND,0,0,0,ND,ND,0,0,1,1,0,0,1,1,1,1,ND,ND,Southeast Asia & Oceania
khm-2,0,0,0,0,1,0,0,1,0,IRR,IRR,IRR,IRR,1,1,1,1,ND,ND,0,IRR,IRR,ND,1,1,ND,1,0,0,ND,0,0,0,1,0,0,ND,0,0,1,ND,1,1,1,1,1,0,1,1,0,1,ND,0,0,0,0,0,0,0,0,0,0,0,0,0,ND,0,0,1,0,1,0,1,1,0,1,ND,ND,Southeast Asia & Oceania
khm-3,0,0,1,0,0,0,1,0,0,IRR,IRR,IRR,IRR,1,1,0,0,0,ND,0,IRR,IRR,ND,0,0,ND,0,1,1,ND,0,0,0,0,0,0,1,0,0,1,ND,0,0,1,1,0,0,0,0,1,1,ND,1,1,1,ND,ND,ND,ND,ND,ND,0,0,0,ND,ND,0,0,1,1,0,0,0,0,0,1,ND,ND,Southeast Asia & Oceania
lep-1,0.0,0.0,1.0,1.0,0.0,0.0,0.0,1.0,ND,ND,ND,IRR,0,ND,ND,ND,ND,1.0,ND,ND,ND,ND,ND,ND,1,ND,1,ND,ND,ND,0.0,0.0,1,0.0,0.0,0.0,0.0,IRR,IRR,1.0,ND,1.0,1.0,ND,1.0,ND,ND,1.0,ND,ND,ND,ND,ND,ND,ND,ND,ND,ND,ND,ND,ND,ND,ND,ND,ND,ND,ND,ND,1.0,ND,1.0,ND,ND,ND,ND,1.0,ND,ND,Southeast Asia & Oceania
lep-2,1.0,0.0,0.0,0.0,0.0,1,0.0,0.0,ND,ND,ND,IRR,0,0,1.0,ND,ND,ND,ND,ND,ND,ND,ND,ND,ND,ND,ND,1,1,ND,1.0,1.0,IRR,IRR,IRR,IRR,IRR,0.0,1.0,0.0,ND,ND,ND,1.0,1.0,ND,ND,0,0,ND,ND,ND,ND,1.0,ND,ND,ND,1,ND,ND,ND,ND,ND,ND,ND,ND,ND,ND,ND,ND,ND,ND,ND,ND,ND,1.0,ND,ND,Southeast Asia & Oceania
lep-3,0,0.0,0.0,0.0,1,0,0.0,1,0.0,IRR,IRR,ND,ND,0,1.0,ND,ND,ND,ND,ND,ND,ND,ND,1,ND,ND,ND,ND,ND,ND,ND,ND,ND,ND,ND,ND,ND,0.0,1.0,1.0,ND,ND,1.0,1,1.0,0,ND,ND,ND,ND,ND,ND,1.0,1.0,ND,ND,1,1.0,ND,ND,ND,ND,ND,ND,ND,ND,ND,ND,0,1.0,ND,ND,ND,ND,1,ND,ND,ND,Southeast Asia & Oceania
lep-4,0,0.0,0.0,0.0,1,1,0,0,ND,IRR,IRR,IRR,ND,ND,1.0,ND,ND,ND,1.0,ND,1.0,ND,ND,1,1,ND,1.0,1,1.0,ND,0.0,0.0,0.0,1,1,1,ND,0.0,1.0,1.0,ND,ND,ND,1.0,1.0,ND,ND,ND,ND,ND,1,ND,ND,ND,1.0,ND,ND,1.0,ND,1,1.0,ND,0.0,ND,ND,ND,ND,ND,1.0,ND,ND,ND,ND,ND,ND,1,ND,ND,Southeast Asia & Oceania
lep-5,0.0,0.0,1,0.0,0.0,0.0,1,0.0,ND,IRR,IRR,IRR,0,ND,1.0,ND,ND,ND,ND,ND,ND,ND,ND,ND,ND,ND,1,ND,ND,ND,0.0,0.0,0.0,0.0,0.0,0.0,1.0,ND,1.0,1.0,ND,ND,ND,1.0,1,ND,ND,ND,ND,ND,ND,ND,ND,ND,1,ND,ND,1,ND,ND,1,ND,0.0,ND,ND,1.0,ND,ND,1,1,ND,ND,ND,ND,1,ND,ND,ND,Southeast Asia & Oceania
lep-6,0,0.0,1,0,0.0,0.0,1,0.0,ND,IRR,1,IRR,ND,ND,1.0,ND,1,ND,ND,ND,ND,ND,ND,ND,1.0,ND,1,ND,ND,ND,1,1,IRR,IRR,IRR,IRR,IRR,0.0,1.0,0,ND,1,1.0,1.0,1.0,1.0,ND,ND,ND,1,1.0,1.0,ND,ND,ND,ND,ND,ND,ND,ND,ND,ND,ND,ND,ND,ND,ND,ND,1.0,ND,ND,ND,ND,ND,1.0,ND,ND,ND,Southeast Asia & Oceania
lep-7,1,ND,ND,ND,ND,1,0,0.0,0.0,ND,ND,ND,ND,ND,1.0,ND,ND,ND,1,ND,ND,ND,ND,ND,ND,ND,ND,1,ND,1,1.0,1.0,IRR,IRR,IRR,IRR,IRR,1.0,0.0,0.0,ND,ND,1.0,1.0,1.0,ND,ND,ND,ND,1,ND,ND,ND,1.0,ND,ND,ND,1.0,ND,ND,ND,ND,ND,ND,ND,1.0,ND,ND,1,1,ND,ND,ND,ND,ND,ND,ND,ND,Southeast Asia & Oceania
plt-1,0,0,1,0,1,0,1,1,0,IRR,ND,ND,ND,1,1,ND,ND,ND,ND,ND,ND,ND,ND,ND,ND,ND,1,1,ND,ND,0,0,0,0,1,0,0,IRR,IRR,IRR,IRR,1,ND,1,1,ND,ND,ND,ND,ND,ND,ND,ND,ND,ND,ND,ND,1,ND,ND,ND,ND,ND,ND,1,ND,ND,ND,1,1,ND,ND,ND,ND,ND,ND,ND,ND,Southeast Asia & Oceania
plt-2,0,0,1,1,0,0,1,1,0,0,1,ND,ND,ND,1,ND,ND,ND,ND,ND,ND,ND,ND,ND,ND,ND,1,ND,ND,ND,ND,0,1,0,0,0,1,0,0,1,0,ND,ND,1,1,ND,ND,ND,1,ND,ND,ND,ND,ND,ND,ND,ND,ND,ND,1,ND,ND,ND,ND,ND,ND,ND,ND,ND,ND,ND,ND,1,ND,ND,ND,1,ND,Southeast Asia & Oceania
plt-3,0,0,0,0,1,0,0,1,0,IRR,IRR,ND,ND,ND,1,ND,ND,ND,ND,ND,ND,ND,ND,ND,1,ND,ND,ND,ND,ND,0,0,0,0,0,0,0,IRR,IRR,IRR,IRR,ND,ND,1,1,ND,ND,ND,ND,1,ND,ND,ND,ND,ND,ND,ND,ND,ND,ND,ND,ND,ND,ND,ND,ND,ND,ND,ND,ND,ND,ND,ND,ND,ND,ND,ND,ND,Southeast Asia & Oceania
unr-1,0,1,1,0,0,1,1,0,ND,ND,ND,IRR,1,ND,1,ND,ND,ND,1,0,0,ND,ND,ND,1,ND,1,0,0,ND,1,1,IRR,IRR,IRR,IRR,ND,1,0,0,ND,ND,1,1,1,ND,ND,ND,1,ND,ND,ND,ND,ND,ND,1,ND,ND,ND,ND,ND,ND,ND,ND,ND,ND,ND,ND,1,ND,ND,ND,1,1,ND,1,ND,ND,Southeast Asia & Oceania
unr-2,0,0,1,0,0,0,1,0,ND,IRR,ND,IRR,ND,ND,1,ND,ND,ND,ND,ND,ND,ND,ND,ND,ND,ND,ND,1,ND,ND,0,0,0,0,1,1,ND,IRR,IRR,IRR,ND,ND,ND,1,1,ND,ND,ND,ND,1,ND,ND,ND,ND,ND,ND,ND,ND,ND,ND,ND,ND,ND,ND,ND,ND,ND,ND,ND,ND,ND,ND,ND,ND,ND,ND,ND,ND,Southeast Asia & Oceania
pwn-1,0,0,0,0,1,0,0,1,0,IRR,IRR,ND,ND,ND,1,ND,1,ND,ND,ND,ND,ND,ND,1,1,ND,ND,1,ND,1,0,0,0,0,1,1,0,IRR,IRR,IRR,IRR,1,ND,1,1,ND,ND,1,ND,ND,ND,ND,ND,1,ND,ND,1,ND,ND,ND,ND,ND,ND,ND,ND,ND,0,0,ND,1,1,ND,ND,ND,ND,ND,ND,ND,Southeast Asia & Oceania
tgl-1,0,0,0,0,1,0,0,1,0,IRR,IRR,1,1,1,1,1,1,1,1,0,0,0,1,1,1,0,1,1,0,0,0,0,0,0,1,0,0,IRR,IRR,IRR,IRR,1,1,1,1,1,1,1,1,1,1,1,1,1,1,1,1,1,1,1,1,0,0,0,1,0,0,0,1,1,1,0,1,1,1,1,0,1,Southeast Asia & Oceania
tgl-2,0,0,0,0,1,0,0,1,0,IRR,IRR,1,1,1,1,1,1,1,1,0,0,0,1,1,1,0,1,1,1,1,0,0,1,0,0,0,0,IRR,IRR,IRR,IRR,1,1,1,1,1,1,1,0,0,0,0,1,0,1,0,0,0,0,1,1,1,ND,1,0,1,0,0,1,1,1,1,0,0,1,1,0,1,Southeast Asia & Oceania
tgl-3,0,0,0,0,1,0,0,1,0,IRR,IRR,1,1,1,1,1,1,1,0,0,0,0,0,1,1,0,0,1,0,1,0,0,0,0,0,0,0,IRR,IRR,IRR,IRR,1,1,1,1,1,0,0,0,0,1,0,1,0,0,0,0,0,0,0,0,0,0,0,0,0,0,0,1,1,0,0,0,0,1,1,0,0,Southeast Asia & Oceania
tha-1,0,0,1,0,0,0,1,0,ND,IRR,IRR,IRR,IRR,1,1,1,1,ND,1,0,IRR,IRR,ND,1,1,ND,1,1,1,0,1,1,IRR,IRR,IRR,IRR,ND,ND,1,ND,ND,1,1,1,1,1,1,1,1,1,0,ND,1,0,1,ND,1,1,ND,ND,1,0,0,0,1,ND,ND,ND,1,1,1,1,1,1,1,1,ND,ND,Southeast Asia & Oceania
tha-2,0,0,1,0,0,0,1,0,ND,IRR,IRR,IRR,IRR,1,1,1,1,ND,ND,0,IRR,IRR,ND,1,1,ND,1,1,1,0,1,0,IRR,IRR,IRR,IRR,ND,ND,ND,ND,ND,1,1,1,1,1,1,1,1,1,1,ND,1,1,0,ND,ND,ND,ND,ND,ND,0,0,0,0,ND,ND,ND,1,0,1,1,1,1,0,1,ND,ND,Southeast Asia & Oceania
tha-3,0,0,1,0,0,0,1,0,ND,IRR,IRR,IRR,IRR,1,1,1,1,ND,ND,0,IRR,IRR,ND,1,1,ND,1,1,1,0,1,1,IRR,IRR,IRR,IRR,ND,ND,1,ND,ND,1,1,1,1,1,1,1,1,1,1,ND,1,0,1,ND,ND,ND,ND,ND,ND,0,0,0,ND,ND,ND,ND,1,1,1,1,1,1,1,1,ND,ND,Southeast Asia & Oceania
bod-1,1,0,0,0,0,1,0,0,0,1,IRR,IRR,IRR,0,1,0,0,0,0,0,ND,ND,ND,0,1,ND,1,1,1,0,1,0,0,0,0,0,0,0,1,1,ND,0,1,1,1,0,0,0,0,1,1,1,1,1,1,ND,ND,1,1,1,1,ND,ND,ND,ND,ND,ND,ND,ND,1,0,0,0,0,1,0,ND,ND,Southeast Asia & Oceania
bod-2,0,0,0,0,1,0,0,1,0,IRR,IRR,IRR,1,ND,1,ND,ND,ND,ND,0,0,0,ND,1,1,0,0,1,1,0,1,0,0,0,0,0,0,0,1,1,0,ND,1,1,1,1,ND,1,0,1,1,1,1,1,1,ND,ND,1,ND,1,ND,ND,ND,ND,ND,ND,ND,ND,1,1,1,ND,IRR,IRR,1,1,ND,ND,Southeast Asia & Oceania
bod-3,0,0,0,0,1,0,0,1,0,IRR,IRR,IRR,ND,ND,1,1,ND,ND,ND,ND,ND,ND,ND,1,1,1,1,0,1,ND,1,0,0,0,0,0,0,0,1,1,ND,1,1,1,1,ND,1,1,1,1,1,1,ND,1,1,ND,ND,1,ND,ND,1,ND,ND,ND,ND,ND,ND,ND,1,ND,1,1,1,ND,1,1,ND,1,Southeast Asia & Oceania
bod-4,0,0,0,0,1,0,0,1,0,IRR,IRR,IRR,ND,ND,1,1,1,ND,ND,ND,ND,ND,ND,1,0,0,1,0,0,0,1,0,0,0,0,0,0,0,1,1,0,1,1,1,1,1,ND,ND,1,ND,1,ND,ND,ND,ND,ND,ND,ND,ND,1,1,ND,ND,ND,ND,ND,ND,ND,1,ND,ND,ND,1,ND,1,ND,ND,ND,Southeast Asia & Oceania
cha-1,0,0,1,0,0,0,1,0,0,IRR,ND,ND,1,1,1,ND,1,ND,1,1,ND,ND,ND,1,1,ND,1,1,1,ND,1,1,IRR,IRR,IRR,IRR,IRR,1,0,0,0,1,1,1,1,1,ND,1,ND,1,ND,1,ND,ND,1,ND,ND,ND,ND,1,1,ND,ND,ND,1,1,ND,ND,1,1,1,ND,ND,ND,1,1,ND,ND,Southeast Asia & Oceania
aau-1,0,0,0,0,1,0,0,1,0,IRR,IRR,ND,ND,ND,1,ND,ND,ND,ND,1,ND,ND,ND,1,1,ND,ND,0,1,1,0,0,0,0,0,1,0,0,0,0,ND,ND,1,1,1,ND,ND,ND,1,1,ND,ND,1,ND,ND,ND,ND,ND,ND,ND,ND,ND,ND,ND,ND,ND,ND,ND,1,1,ND,ND,ND,1,1,1,ND,ND,Australia & New Guinea
aau-2,0,0,0,0,1,0,0,1,0,IRR,IRR,ND,ND,ND,1,ND,ND,ND,ND,ND,ND,ND,ND,1,0,0,0,1,0,ND,0,0,0,0,0,0,0,0,0,0,ND,ND,1,ND,1,ND,ND,ND,ND,ND,ND,ND,1,ND,ND,ND,ND,ND,ND,ND,ND,ND,ND,ND,ND,ND,ND,ND,ND,1,ND,ND,ND,ND,1,ND,ND,ND,Australia & New Guinea
abz-1,0.0,0.0,0.0,0.0,1.0,0.0,0.0,1.0,0.0,IRR,IRR,IRR,IRR,ND,ND,ND,1,ND,ND,ND,ND,ND,ND,ND,0.0,0.0,0.0,ND,1.0,ND,0.0,0.0,1.0,0.0,0.0,0.0,0.0,IRR,IRR,IRR,IRR,1.0,ND,ND,ND,1.0,ND,1.0,ND,ND,ND,ND,ND,ND,ND,ND,ND,ND,ND,ND,ND,ND,ND,ND,ND,ND,ND,ND,1.0,ND,ND,ND,ND,ND,ND,1,ND,ND,Australia & New Guinea
aey-1,0.0,0.0,1.0,0,0.0,0.0,1.0,0.0,0.0,ND,ND,IRR,ND,1,1.0,1.0,1.0,ND,ND,ND,1.0,ND,ND,ND,1.0,ND,ND,ND,1,ND,0.0,0.0,1.0,0.0,1,1,ND,ND,1.0,1.0,ND,1.0,1.0,1.0,1.0,1.0,ND,1.0,1.0,1,1.0,ND,ND,ND,ND,ND,ND,1.0,1,ND,ND,0.0,0.0,0.0,ND,1.0,ND,ND,1.0,ND,1.0,ND,1,ND,ND,1.0,ND,ND,Australia & New Guinea
cns-1,0.0,0.0,0.0,0.0,1,0.0,0,ND,1,ND,ND,ND,ND,ND,1.0,ND,ND,ND,ND,1.0,1.0,1.0,ND,ND,1,ND,1,ND,1.0,ND,0.0,0.0,0,1,1,1,ND,ND,1,ND,ND,ND,ND,1.0,ND,1,1,ND,ND,ND,1,1,ND,1,1,ND,ND,ND,ND,ND,ND,ND,ND,ND,ND,ND,ND,ND,1.0,ND,ND,ND,ND,ND,ND,1.0,ND,ND,Australia & New Guinea
cns-2,0.0,0.0,ND,ND,ND,0.0,ND,ND,ND,ND,ND,ND,ND,ND,1.0,ND,1.0,ND,ND,ND,ND,ND,ND,ND,1,ND,ND,ND,1,ND,ND,ND,ND,ND,1,ND,ND,ND,ND,ND,ND,1,1,1,1.0,1.0,ND,1.0,ND,ND,ND,ND,ND,1,1,ND,ND,ND,ND,ND,ND,ND,ND,ND,ND,ND,ND,ND,1.0,ND,ND,ND,ND,ND,ND,1.0,ND,ND,Australia & New Guinea
wra-1,0.0,0.0,0.0,1.0,0.0,0.0,0.0,1.0,0.0,IRR,1.0,ND,ND,ND,ND,ND,1.0,ND,ND,ND,ND,ND,ND,ND,ND,ND,ND,ND,ND,ND,1.0,1.0,IRR,IRR,IRR,IRR,IRR,ND,0,ND,ND,1.0,ND,ND,ND,1.0,ND,1.0,ND,ND,ND,ND,ND,ND,ND,ND,ND,ND,ND,ND,ND,ND,ND,ND,ND,ND,ND,ND,1.0,ND,1.0,1,ND,ND,ND,1,ND,ND,Australia & New Guinea
mcc-1,0,0,1,0,0,0,1,0,0,IRR,ND,1,1,1,1,ND,ND,1,ND,ND,ND,ND,ND,ND,ND,ND,1,ND,1,ND,1,1,0,0,0,0,0,ND,ND,ND,ND,ND,ND,1,ND,1,ND,ND,1,ND,1,ND,ND,ND,ND,ND,ND,ND,ND,ND,1,ND,ND,ND,ND,ND,ND,ND,1,ND,ND,ND,1,ND,1,ND,ND,ND,Australia & New Guinea
ape-1,0,0,0,0,1,0,0,1,0,IRR,IRR,ND,ND,ND,1,ND,ND,ND,ND,ND,ND,ND,ND,ND,ND,ND,ND,1,ND,ND,0,0,0,0,1,1,0,IRR,IRR,IRR,IRR,1,ND,ND,1,0,0,ND,ND,ND,ND,ND,1,ND,ND,ND,ND,ND,ND,ND,ND,ND,ND,ND,ND,ND,ND,ND,ND,1,ND,ND,ND,ND,ND,ND,ND,ND,Australia & New Guinea
wmb-1,1,0,0,0,0,1,0,0,ND,1,IRR,1,IRR,1,1,ND,ND,ND,ND,1,ND,1,ND,1,1,ND,ND,1,1,1,1,1,0,0,0,0,ND,ND,ND,0,ND,1,1,1,1,ND,ND,ND,ND,1,1,ND,1,1,ND,1,ND,1,ND,1,ND,ND,ND,ND,1,1,ND,ND,1,1,ND,ND,ND,ND,1,1,1,ND,Australia & New Guinea
dgz-1,0,0,1,0,0,0,1,0,ND,IRR,0,IRR,ND,ND,1,ND,ND,ND,1,ND,ND,1,ND,ND,ND,ND,ND,1,ND,ND,0,0,0,0,1,1,ND,IRR,IRR,IRR,IRR,1,ND,ND,1,ND,ND,ND,ND,ND,ND,ND,1,ND,ND,ND,ND,ND,ND,ND,ND,ND,ND,ND,1,ND,ND,ND,ND,1,ND,ND,ND,ND,1,ND,ND,ND,Australia & New Guinea
dgz-2,0,0,1,0,0,0,1,0,ND,IRR,1,IRR,ND,ND,ND,ND,1,ND,ND,ND,ND,ND,ND,ND,1,ND,1,ND,ND,ND,1,1,IRR,IRR,IRR,IRR,IRR,ND,ND,0,1,1,ND,ND,ND,1,ND,1,ND,ND,ND,ND,ND,ND,ND,ND,ND,ND,ND,1,1,ND,ND,ND,ND,ND,ND,ND,1,ND,1,0,ND,ND,1,ND,ND,ND,Australia & New Guinea
yee-1,0.0,0.0,0.0,0.0,1.0,0.0,0.0,1.0,1.0,IRR,IRR,IRR,IRR,IRR,0.0,0.0,0.0,0.0,1.0,0.0,0.0,0.0,ND,1,1,0.0,0,1,0.0,0.0,1.0,1.0,0,0.0,0.0,0.0,ND,ND,ND,ND,ND,IRR,IRR,IRR,IRR,IRR,IRR,0.0,0.0,0.0,0.0,0.0,0.0,0.0,0.0,0.0,0.0,0,0.0,1.0,0.0,0.0,0.0,0.0,1.0,ND,IRR,ND,1.0,1,IRR,IRR,IRR,IRR,ND,ND,ND,ND,Australia & New Guinea
yee-2,0.0,0.0,0.0,0.0,1.0,0.0,0.0,1.0,ND,IRR,IRR,IRR,IRR,IRR,0.0,0.0,0.0,0.0,1.0,0.0,0.0,0.0,0.0,ND,1.0,0.0,1,0.0,0.0,0.0,1,1,ND,0.0,0.0,0.0,0.0,IRR,IRR,IRR,ND,IRR,IRR,IRR,IRR,IRR,IRR,0.0,0.0,0.0,0.0,0.0,0.0,0.0,0.0,0.0,0.0,0.0,0.0,1,1.0,0.0,0.0,0.0,1.0,ND,IRR,ND,1.0,0,IRR,IRR,IRR,IRR,ND,ND,ND,ND,Australia & New Guinea
gyd-1,0.0,1.0,0,0,0.0,1,0,0,ND,1.0,1.0,ND,1.0,1.0,1.0,ND,1.0,1.0,1.0,0.0,1.0,1.0,1.0,1,1.0,1,1,1.0,1,1.0,0,0,1,0,0,1,ND,ND,1,ND,1.0,1.0,1.0,1.0,1.0,1.0,ND,0,0,1.0,1.0,ND,1,1.0,ND,ND,ND,1.0,1,1.0,1.0,1,ND,ND,1.0,1.0,ND,ND,1.0,1,ND,ND,1,ND,1.0,ND,ND,ND,Australia & New Guinea
kih-1,0,0,1,0,0,0,1,0,0,0,0,IRR,ND,1,1,ND,1,1,ND,0,0,0,1,1,1,ND,1,1,1,1,0,0,0,0,1,1,0,IRR,IRR,IRR,1,1,1,1,1,1,ND,1,1,1,1,ND,ND,ND,1,ND,1,ND,ND,1,1,ND,ND,ND,0,1,ND,ND,1,1,ND,1,1,ND,1,1,ND,ND,Australia & New Guinea
gia-1,1,0,0,0,0,1,0,0,ND,1,0,0,1,ND,1,ND,ND,ND,1,ND,ND,0,ND,1,1,ND,1,1,1,ND,0,0,1,0,0,1,0,IRR,IRR,IRR,1,1,ND,1,1,1,ND,1,1,1,1,1,1,1,1,1,1,ND,ND,ND,1,ND,ND,ND,1,1,ND,ND,1,1,ND,ND,1,ND,ND,1,ND,ND,Australia & New Guinea
gni-1,0.0,0.0,1.0,0.0,0.0,0.0,1.0,0.0,ND,1.0,ND,IRR,ND,ND,1.0,0.0,0.0,ND,ND,1.0,ND,1.0,1.0,1,1.0,ND,ND,1.0,1.0,ND,0.0,0.0,0.0,0.0,1.0,1,1,IRR,IRR,IRR,IRR,1.0,ND,1.0,1.0,ND,ND,0,ND,ND,1.0,ND,1.0,ND,ND,ND,1.0,ND,1.0,ND,ND,ND,ND,ND,ND,1,ND,ND,1.0,1,IRR,IRR,ND,ND,ND,1.0,ND,ND,Australia & New Guinea
gni-2,0.0,0.0,1.0,0.0,0.0,0.0,1.0,0.0,ND,ND,IRR,IRR,ND,ND,1.0,ND,ND,ND,0,0.0,ND,ND,ND,0.0,ND,ND,1.0,ND,0.0,ND,1.0,1.0,IRR,IRR,IRR,IRR,IRR,ND,ND,ND,ND,ND,ND,1.0,1.0,ND,ND,ND,ND,ND,ND,ND,ND,ND,ND,ND,ND,ND,ND,ND,1.0,ND,ND,ND,0.0,1.0,ND,ND,1.0,ND,ND,ND,ND,ND,1.0,1,ND,ND,Australia & New Guinea
lmc-1,0,0,1,0,0,0,1,0,0,IRR,1,1,1,ND,1,ND,ND,ND,ND,ND,1,1,ND,1,1,ND,1,ND,1,ND,0,0,0,0,1,1,ND,0,1,0,ND,1,1,1,1,ND,ND,ND,ND,ND,1,ND,ND,1,ND,ND,ND,ND,ND,ND,1,ND,ND,ND,ND,ND,ND,ND,ND,ND,ND,ND,ND,ND,ND,ND,ND,ND,Australia & New Guinea
mpb-1,0,0,0,0,1,0,1,0,0,IRR,0,1,1,1,1,ND,ND,ND,1,1,ND,ND,ND,1,ND,ND,1,ND,1,ND,0,0,0,1,1,1,ND,ND,ND,ND,ND,1,ND,1,1,ND,ND,1,1,ND,1,ND,ND,ND,ND,ND,ND,ND,ND,ND,ND,ND,ND,ND,1,ND,ND,ND,1,ND,ND,1,1,ND,ND,1,ND,ND,Australia & New Guinea
vma-1,1,0,0.0,0.0,0.0,1.0,0.0,0.0,0.0,1.0,ND,IRR,0,0.0,1.0,ND,ND,ND,1,ND,1,1,ND,ND,1.0,1,1.0,1.0,1.0,1.0,1.0,1.0,0.0,0.0,0.0,1,ND,ND,ND,ND,1.0,ND,1.0,1.0,1.0,1,1,0,1.0,1.0,1,1.0,1.0,1.0,1,ND,ND,1.0,1.0,1.0,1.0,ND,ND,ND,ND,ND,ND,ND,1.0,1,ND,ND,1.0,ND,ND,1.0,ND,ND,Australia & New Guinea
kbv-1,0,0,1,0,0,0,1,0,ND,IRR,1,ND,IRR,ND,1,ND,ND,ND,1,0,ND,ND,ND,1,ND,ND,ND,1,1,ND,0,0,0,0,1,1,ND,IRR,IRR,IRR,IRR,1,ND,1,1,ND,ND,ND,ND,1,ND,ND,1,1,ND,ND,ND,1,ND,1,ND,ND,ND,ND,ND,ND,ND,ND,ND,1,ND,ND,ND,ND,ND,ND,ND,ND,Australia & New Guinea
mpt-1,1.0,0.0,0.0,0.0,0.0,1.0,0.0,0.0,0.0,ND,ND,IRR,0,0.0,1.0,ND,ND,ND,ND,1.0,ND,ND,ND,ND,ND,ND,1.0,0,1,0,1.0,0,0.0,0.0,0.0,0.0,ND,ND,1,0.0,ND,ND,ND,1.0,1.0,ND,ND,ND,ND,ND,1,ND,ND,ND,ND,ND,ND,ND,ND,ND,ND,ND,ND,ND,ND,ND,ND,ND,1.0,ND,ND,ND,ND,ND,ND,1.0,ND,ND,Australia & New Guinea
mtj-1,0,0,1,0,0,0,1,0,0,IRR,ND,ND,ND,ND,ND,ND,1,ND,ND,ND,ND,ND,ND,ND,1,ND,ND,ND,ND,ND,0,0,0,0,0,0,1,IRR,IRR,IRR,IRR,1,ND,ND,ND,1,ND,1,ND,ND,ND,ND,ND,ND,ND,ND,ND,ND,ND,ND,ND,ND,ND,ND,ND,ND,ND,ND,1,ND,1,ND,ND,ND,ND,ND,ND,ND,Australia & New Guinea
nuy-1,0,0,0,0,0,0,0,1,0,IRR,IRR,1,1,ND,1,ND,ND,ND,ND,ND,ND,ND,ND,1,0,0,0,ND,1,0,0,0,0,1,1,1,0,IRR,IRR,IRR,IRR,ND,ND,1,1,ND,ND,ND,ND,1,ND,ND,ND,ND,ND,ND,ND,ND,ND,ND,ND,ND,ND,ND,ND,ND,ND,ND,ND,ND,ND,ND,ND,ND,ND,ND,ND,ND,Australia & New Guinea
opm-1,0,0,1,0,0,0,1,0,ND,IRR,1,IRR,1,1,1,ND,ND,ND,1,0,ND,IRR,ND,1,ND,ND,ND,1,1,ND,0,0,ND,0,1,1,ND,IRR,IRR,IRR,IRR,1,ND,1,1,ND,ND,ND,ND,ND,ND,1,1,ND,1,ND,ND,1,ND,1,1,ND,ND,ND,ND,1,ND,ND,1,1,ND,ND,ND,ND,1,1,ND,ND,Australia & New Guinea
bcj-1,1,0,0,0,0,1,0,0,0,ND,ND,IRR,ND,ND,1,ND,ND,ND,ND,ND,ND,ND,ND,0,ND,ND,ND,1,1,ND,1,1,0,0,0,0,ND,ND,ND,0,ND,ND,1,1,1,ND,ND,ND,ND,1,ND,ND,ND,1,ND,ND,ND,ND,ND,ND,ND,ND,ND,ND,ND,ND,ND,ND,ND,1,ND,ND,ND,ND,ND,ND,ND,ND,Australia & New Guinea
bcj-2,0,0,1,0,0,0,1,0,0,IRR,0,IRR,ND,1,1,ND,ND,ND,1,ND,ND,ND,ND,1,1,ND,1,ND,ND,ND,1,1,IRR,IRR,IRR,IRR,IRR,0,1,1,ND,1,ND,1,1,1,ND,1,1,ND,1,1,ND,ND,ND,ND,ND,ND,ND,1,ND,ND,ND,ND,1,ND,ND,ND,1,ND,1,ND,1,ND,1,1,ND,ND,Australia & New Guinea
tuh-1,0,0,1,0,0,0,1,0,0,IRR,0,1,1,1,1,ND,ND,ND,1,1,ND,1,1,ND,ND,ND,1,ND,ND,ND,0,0,1,0,1,1,ND,IRR,IRR,IRR,IRR,ND,ND,1,1,ND,ND,ND,ND,ND,1,1,ND,ND,ND,ND,ND,ND,ND,ND,ND,ND,ND,ND,1,ND,ND,ND,1,ND,ND,ND,ND,ND,ND,1,ND,ND,Australia & New Guinea
tiw-1,0.0,0.0,0.0,1.0,0.0,0.0,0.0,1.0,1.0,IRR,IRR,1.0,ND,1.0,1.0,ND,ND,ND,ND,ND,ND,ND,ND,ND,1.0,ND,1.0,ND,1.0,ND,1.0,1.0,0.0,0.0,0.0,0.0,ND,ND,0,0.0,ND,ND,1.0,1.0,1.0,1,ND,ND,ND,ND,1.0,ND,ND,ND,ND,ND,ND,ND,ND,ND,1.0,ND,ND,ND,1.0,1.0,ND,ND,1.0,1,ND,ND,ND,ND,ND,1.0,ND,ND,Australia & New Guinea
kiw-1,1,0,0,0,0,1,0,0,0,1,IRR,ND,ND,1,1,ND,ND,ND,ND,1,ND,ND,1,ND,ND,ND,1,1,1,ND,1,1,IRR,IRR,IRR,IRR,IRR,ND,ND,ND,ND,ND,ND,1,1,ND,ND,ND,ND,1,ND,ND,1,1,1,ND,ND,1,ND,ND,ND,ND,ND,ND,ND,ND,ND,ND,ND,1,ND,ND,ND,ND,ND,ND,ND,ND,Australia & New Guinea
ppo-1,0,0,0,1,0,0,0,0,1,IRR,IRR,ND,ND,ND,ND,ND,1,ND,ND,ND,ND,ND,ND,ND,0,0,0,ND,1,ND,0,0,ND,0,0,ND,ND,IRR,IRR,IRR,IRR,1,ND,ND,ND,1,ND,1,ND,ND,ND,ND,ND,ND,ND,ND,ND,ND,ND,ND,ND,ND,ND,ND,ND,ND,ND,ND,1,ND,ND,ND,ND,ND,ND,ND,ND,ND,Australia & New Guinea
ale-1,0,0,1,0,0,0,1,0,0,IRR,1,IRR,1,ND,1,ND,1,ND,ND,ND,ND,ND,ND,ND,1,ND,1,ND,ND,ND,1,0,IRR,IRR,IRR,IRR,IRR,0,1,0,ND,1,1,1,ND,ND,ND,ND,ND,ND,ND,ND,ND,ND,ND,ND,ND,ND,ND,ND,1,ND,1,ND,ND,ND,ND,ND,ND,ND,ND,ND,ND,ND,1,ND,ND,ND,North America
arp-1,0,0,0,1,0,0,0,0,1,IRR,IRR,IRR,IRR,IRR,ND,ND,ND,ND,ND,ND,ND,ND,ND,0,0,0,0,0,1,IRR,1,0,IRR,IRR,IRR,IRR,IRR,ND,ND,ND,ND,ND,ND,ND,ND,ND,ND,1,ND,ND,ND,ND,ND,ND,ND,ND,ND,ND,ND,ND,ND,ND,ND,ND,ND,ND,ND,ND,ND,ND,ND,ND,ND,ND,ND,ND,ND,ND,North America
arp-2,0,0,0,0,1,0,0,1,0,IRR,IRR,IRR,IRR,ND,1,ND,ND,ND,ND,1,ND,ND,ND,1,1,ND,ND,ND,ND,ND,0,0,0,1,0,0,IRR,IRR,IRR,IRR,IRR,ND,ND,1,1,ND,ND,ND,1,ND,ND,ND,ND,ND,ND,ND,ND,ND,ND,ND,ND,ND,ND,ND,ND,ND,ND,ND,ND,ND,ND,ND,ND,ND,ND,ND,ND,ND,North America
miq-1,0,0,1,0,0,0,1,0,0,ND,ND,ND,ND,ND,1,ND,ND,ND,ND,ND,ND,1,ND,1,ND,ND,ND,1,ND,ND,1,IRR,IRR,IRR,IRR,IRR,IRR,0,0,0,ND,ND,ND,1,1,ND,ND,ND,ND,ND,ND,ND,ND,ND,ND,ND,ND,ND,ND,ND,ND,ND,ND,ND,ND,ND,ND,ND,ND,ND,ND,ND,ND,ND,ND,ND,ND,ND,North America
miq-2,1,0,0,0,0,1,0,0,0,ND,IRR,ND,1,ND,1,ND,ND,ND,ND,1,ND,ND,ND,ND,ND,ND,1,ND,ND,ND,1,IRR,IRR,IRR,IRR,IRR,IRR,0,0,0,ND,ND,1,1,ND,ND,ND,ND,ND,ND,ND,ND,ND,ND,ND,ND,ND,ND,ND,1,ND,ND,ND,ND,ND,ND,ND,ND,ND,ND,ND,ND,ND,ND,ND,ND,ND,ND,North America
miq-3,0,0,0,0,1,0,0,1,0,ND,ND,ND,ND,ND,1,ND,ND,ND,ND,ND,ND,ND,ND,1,1,ND,1,ND,ND,ND,IRR,IRR,0,0,1,0,0,0,ND,1,ND,ND,ND,1,1,ND,ND,ND,ND,ND,1,1,ND,ND,ND,ND,ND,ND,ND,1,ND,ND,ND,ND,ND,ND,ND,ND,ND,ND,ND,ND,ND,ND,ND,ND,ND,ND,North America
nav-1,0,0,1,0,0,0,1,0,0,0,0,0,0,1,1,ND,ND,ND,0,0,0,ND,ND,1,ND,ND,1,1,ND,ND,1,1,0,0,0,0,ND,0,ND,0,ND,ND,1,1,1,ND,1,0,0,1,1,1,ND,ND,ND,1,ND,ND,1,ND,1,ND,ND,ND,0,ND,ND,ND,1,ND,IRR,IRR,IRR,IRR,ND,1,ND,ND,North America
nav-2,1,0,0,0,0,1,0,0,0,ND,IRR,0,0,ND,0,0,1,0,0,0,0,0,0,1,1,ND,1,ND,ND,ND,1,1,0,0,0,0,ND,0,1,0,0,1,1,0,0,1,0,1,ND,ND,ND,ND,ND,ND,ND,ND,ND,ND,ND,ND,ND,ND,ND,ND,ND,ND,0,ND,1,IRR,1,ND,0,0,ND,1,ND,ND,North America
nav-3,0,0,ND,0,1,0,0,0,1,0,0,IRR,IRR,IRR,0,0,0,0,ND,1,0,0,ND,1,IRR,IRR,IRR,IRR,IRR,IRR,0,0,0,0,0,0,ND,0,ND,1,ND,IRR,IRR,IRR,IRR,IRR,IRR,IRR,IRR,IRR,IRR,IRR,IRR,IRR,IRR,IRR,IRR,IRR,IRR,IRR,IRR,IRR,IRR,IRR,1,ND,ND,0,IRR,IRR,IRR,IRR,IRR,IRR,1,1,ND,ND,North America
nhn-1,0,0,0,0,1,0,0,1,0,IRR,IRR,IRR,IRR,IRR,IRR,IRR,IRR,IRR,IRR,IRR,IRR,IRR,IRR,1,IRR,IRR,IRR,IRR,IRR,IRR,0,0,0,1,0,0,0,IRR,IRR,IRR,IRR,ND,ND,ND,ND,ND,ND,ND,ND,ND,ND,ND,ND,ND,ND,ND,ND,ND,ND,ND,ND,ND,ND,ND,ND,ND,ND,ND,ND,ND,ND,ND,ND,ND,ND,ND,ND,ND,North America
ote-1,0,0,1,0,0,0,1,0,0,IRR,0,ND,ND,ND,1,ND,ND,ND,ND,ND,ND,ND,ND,1,1,ND,1,1,ND,ND,1,0,IRR,IRR,IRR,IRR,IRR,1,0,0,ND,1,ND,1,ND,1,ND,1,1,1,ND,1,ND,ND,1,ND,ND,1,ND,ND,1,ND,ND,ND,1,1,ND,ND,1,1,ND,ND,ND,ND,ND,ND,ND,ND,North America
ote-2,0,0,0,0,1,0,0,1,0,IRR,IRR,ND,ND,ND,1,ND,ND,ND,ND,ND,ND,ND,ND,1,1,ND,1,1,ND,ND,0,0,0,0,0,0,1,IRR,IRR,IRR,IRR,1,ND,1,ND,1,ND,1,1,ND,ND,1,ND,ND,1,ND,1,1,ND,ND,ND,ND,ND,1,1,ND,ND,ND,1,1,ND,ND,ND,ND,ND,ND,ND,ND,North America
sei-1,0.0,0.0,0.0,0.0,1.0,0.0,0.0,1.0,ND,IRR,IRR,ND,ND,1,1.0,ND,ND,ND,ND,1,ND,1,ND,1,1.0,ND,ND,1.0,1.0,ND,0.0,0.0,ND,1.0,1.0,1.0,ND,IRR,IRR,IRR,IRR,ND,ND,1.0,1.0,1.0,ND,ND,ND,1.0,1.0,1.0,ND,1,ND,ND,ND,1.0,1.0,ND,ND,ND,ND,ND,ND,ND,ND,ND,1.0,ND,ND,ND,ND,ND,1.0,1.0,ND,ND,North America
lkt-1,1,0,0,0,0,1,0,0,IRR,1,IRR,ND,ND,1,1,ND,ND,ND,ND,ND,ND,ND,ND,ND,ND,ND,ND,ND,1,ND,1,IRR,IRR,IRR,IRR,IRR,IRR,ND,ND,ND,ND,ND,1,1,ND,ND,ND,ND,ND,ND,ND,ND,1,1,ND,ND,ND,ND,ND,ND,ND,ND,ND,ND,ND,ND,ND,ND,ND,ND,ND,ND,ND,ND,ND,1,ND,ND,North America
lkt-2,0,0,0,1,0,0,1,0,IRR,IRR,ND,ND,ND,ND,ND,ND,1,ND,ND,ND,ND,ND,ND,0,ND,ND,ND,ND,ND,ND,1,IRR,IRR,IRR,IRR,IRR,IRR,ND,ND,ND,ND,ND,ND,ND,ND,ND,ND,1,ND,ND,ND,ND,ND,ND,ND,ND,ND,ND,ND,ND,ND,ND,ND,ND,ND,ND,ND,ND,ND,ND,ND,ND,ND,ND,ND,ND,ND,ND,North America
lkt-3,0,0,1,0,0,0,1,0,IRR,IRR,ND,ND,ND,ND,1,ND,ND,ND,ND,ND,ND,ND,ND,ND,ND,ND,ND,ND,ND,ND,1,IRR,IRR,IRR,IRR,IRR,IRR,ND,ND,ND,ND,ND,ND,1,ND,ND,ND,ND,ND,ND,ND,ND,ND,1,ND,ND,ND,ND,ND,ND,ND,ND,ND,ND,ND,ND,ND,ND,ND,ND,ND,ND,ND,ND,ND,ND,ND,ND,North America
zoh-1,0,0,1,0,0,0,1,0,IRR,IRR,0,ND,ND,1,1,ND,ND,ND,1,ND,ND,ND,IRR,ND,1,ND,1,ND,ND,ND,1,1,0,0,0,0,IRR,1,0,0,IRR,ND,ND,1,1,ND,ND,ND,ND,ND,1,1,ND,ND,ND,ND,ND,ND,ND,1,ND,ND,ND,ND,ND,IRR,ND,ND,ND,ND,ND,ND,ND,ND,ND,ND,ND,ND,North America
tee-1,0,0,0,0,1,0,0,1,0,IRR,IRR,IRR,1,ND,1,ND,1,ND,ND,1,1,1,ND,1,1,ND,1,ND,ND,ND,0,0,0,1,0,0,IRR,0,IRR,IRR,ND,ND,1,1,1,ND,ND,ND,ND,ND,1,1,ND,ND,ND,ND,ND,ND,ND,1,ND,ND,ND,ND,ND,ND,ND,ND,ND,ND,ND,ND,ND,ND,ND,ND,ND,ND,North America
hop-1,0,0,0,1,0,0,1,0,0,ND,0,ND,ND,1,1,ND,1,ND,ND,1,ND,ND,IRR,1,ND,ND,ND,ND,ND,ND,0,0,ND,1,1,1,IRR,0,0,1,IRR,1,ND,1,ND,ND,ND,ND,ND,ND,ND,ND,ND,ND,ND,ND,ND,ND,ND,ND,1,ND,ND,ND,ND,ND,ND,ND,ND,ND,ND,ND,ND,ND,ND,ND,ND,ND,North America
tzh-1,0,0,0,0,1,0,0,1,0,IRR,IRR,IRR,1,1,1,ND,ND,ND,ND,ND,ND,ND,ND,1,0,0,0,0,1,0,0,0,0,0,1,1,ND,0,IRR,IRR,ND,ND,1,1,1,ND,ND,1,ND,ND,ND,ND,ND,ND,ND,ND,ND,ND,ND,1,ND,ND,ND,ND,ND,ND,0,0,1,1,ND,ND,ND,ND,ND,ND,ND,ND,North America
cho-1,0,0,0,1,0,0,0,1,ND,IRR,IRR,IRR,ND,1,1,ND,ND,1,1,ND,ND,ND,ND,ND,ND,ND,1,1,1,ND,0,0,0,0,1,1,ND,IRR,IRR,IRR,IRR,1,1,1,1,ND,ND,1,ND,1,1,1,1,1,ND,ND,ND,ND,ND,1,1,ND,ND,ND,1,1,ND,ND,1,1,1,ND,ND,ND,1,1,ND,ND,North America
cho-2,0,1,0,0,0,1,0,0,ND,1,IRR,ND,ND,ND,ND,ND,ND,ND,1,1,ND,1,ND,ND,ND,ND,1,ND,ND,IRR,0,0,0,1,0,0,ND,IRR,IRR,IRR,IRR,ND,ND,1,1,ND,ND,ND,ND,ND,ND,ND,ND,ND,ND,ND,ND,ND,ND,1,ND,ND,ND,ND,1,1,1,ND,1,1,ND,ND,ND,ND,ND,1,ND,ND,North America
cho-3,0,0,1,0,0,0,1,0,0,IRR,ND,ND,ND,1,ND,ND,ND,ND,1,ND,ND,ND,1,ND,ND,ND,1,ND,ND,IRR,0,0,0,0,0,0,1,IRR,IRR,IRR,IRR,ND,ND,1,1,ND,ND,ND,ND,ND,ND,ND,ND,ND,ND,ND,ND,ND,ND,ND,1,ND,ND,ND,1,ND,ND,ND,1,ND,ND,ND,ND,ND,ND,ND,ND,ND,North America
cho-4,0,1,0,0,0,1,0,0,ND,1,IRR,ND,ND,ND,0,0,0,0,1,1,0,1,ND,1,ND,ND,1,ND,ND,IRR,0,0,0,1,0,0,ND,IRR,IRR,IRR,IRR,ND,ND,1,1,ND,ND,ND,ND,ND,ND,ND,ND,ND,ND,ND,ND,ND,ND,1,ND,ND,ND,ND,1,ND,1,ND,1,ND,ND,ND,ND,ND,ND,1,ND,ND,North America
skd-1,0,0,1,0,0,0,0,0,1,IRR,1,IRR,1,ND,1,ND,ND,ND,IRR,1,IRR,IRR,IRR,1,1,ND,1,1,1,ND,1,1,0,0,0,0,IRR,0,ND,1,IRR,ND,ND,1,1,ND,ND,ND,1,1,ND,1,ND,ND,ND,ND,ND,ND,ND,1,ND,ND,ND,ND,1,IRR,ND,ND,ND,ND,ND,ND,ND,ND,ND,ND,ND,ND,North America
kwi-1,0,0,0,0,1,0,0,1,0,IRR,IRR,ND,ND,ND,1,ND,ND,ND,ND,ND,ND,ND,ND,ND,1,ND,0,ND,ND,ND,0,0,0,0,0,1,0,IRR,IRR,IRR,IRR,ND,ND,1,1,ND,ND,ND,ND,1,ND,ND,ND,ND,ND,ND,ND,ND,ND,ND,ND,ND,ND,ND,ND,ND,ND,ND,ND,ND,ND,ND,ND,ND,ND,ND,ND,ND,South America
ayr-1,1,0,0,0,0,1,0,0,0,ND,ND,ND,ND,ND,1,ND,ND,ND,ND,ND,ND,ND,ND,0,ND,ND,ND,ND,ND,ND,1,1,0,0,0,0,0,ND,ND,ND,ND,ND,ND,1,1,ND,ND,ND,ND,ND,ND,1,1,1,ND,ND,ND,ND,ND,ND,ND,ND,ND,ND,ND,ND,ND,IRR,ND,1,IRR,IRR,IRR,IRR,IRR,IRR,IRR,IRR,South America
ayr-2,1,0,0,0,0,1,0,0,0,1,ND,ND,ND,ND,1,ND,ND,ND,ND,ND,ND,ND,ND,ND,ND,ND,ND,1,ND,1,1,0,0,0,0,0,1,ND,1,1,ND,ND,ND,1,ND,ND,ND,ND,ND,ND,ND,ND,1,1,ND,ND,ND,ND,ND,ND,ND,ND,ND,ND,ND,ND,ND,IRR,0,1,IRR,IRR,IRR,IRR,IRR,IRR,IRR,IRR,South America
apu-1,1,0,0,0,0,ND,0,0,0,0,0,0,0,0,1,ND,ND,ND,ND,1,ND,1,ND,1,ND,ND,ND,ND,ND,1,0,0,0,0,ND,ND,ND,0,ND,0,ND,1,ND,1,1,ND,ND,ND,ND,ND,ND,ND,1,ND,ND,ND,ND,ND,ND,ND,ND,ND,ND,ND,ND,ND,ND,ND,ND,1,ND,ND,ND,ND,ND,ND,ND,ND,South America
hub-1,1,0,0.0,0.0,0.0,1.0,0.0,0.0,ND,1.0,ND,ND,ND,ND,1.0,ND,ND,ND,ND,ND,ND,ND,ND,ND,1,ND,ND,1.0,ND,1,0.0,0.0,0.0,0.0,0.0,1.0,ND,ND,1.0,1.0,ND,ND,1.0,1.0,1.0,ND,ND,ND,ND,1.0,ND,ND,1,ND,ND,ND,ND,ND,ND,ND,ND,ND,ND,ND,0.0,ND,ND,ND,ND,1.0,ND,ND,ND,ND,ND,ND,ND,ND,South America
gug-1,0,1,0,0,0,1,1,ND,ND,1,ND,IRR,1,1,1,1,1,1,1,1,ND,1,ND,1,1,0,1,1,0,ND,ND,ND,ND,ND,ND,ND,ND,0,0,0,ND,ND,ND,ND,ND,ND,ND,ND,ND,ND,ND,ND,ND,ND,ND,ND,ND,ND,ND,ND,ND,ND,ND,ND,ND,ND,ND,ND,ND,ND,ND,ND,ND,ND,ND,ND,ND,ND,South America
kwa-1,ND,1,0,0,0,1,0,0,0,ND,ND,ND,ND,ND,1,ND,ND,ND,ND,1,ND,1,ND,ND,1,ND,ND,ND,1,ND,0,0,0,1,1,1,ND,ND,1,1,1,ND,ND,1,1,ND,ND,ND,ND,ND,ND,ND,1,1,ND,ND,ND,ND,ND,1,ND,ND,ND,ND,ND,ND,ND,ND,ND,ND,ND,ND,ND,ND,ND,1,ND,ND,South America
mch-1,0,0,1,0,0,0,1,0,0,1,ND,ND,1,ND,1,ND,ND,ND,0,ND,ND,ND,ND,ND,1,ND,ND,ND,ND,ND,1,0,1,0,0,0,ND,ND,1,1,ND,1,ND,ND,ND,ND,ND,1,ND,ND,ND,ND,ND,ND,ND,ND,ND,ND,ND,ND,ND,ND,ND,ND,ND,ND,ND,ND,1,ND,1,ND,ND,ND,ND,1,ND,ND,South America
alc-1,0,0,1,0,0,0,1,0,ND,IRR,1,0,1,1,1,ND,ND,1,1,ND,ND,ND,ND,1,1,ND,1,1,1,1,1,1,IRR,IRR,IRR,IRR,ND,ND,ND,ND,ND,1,1,1,1,1,ND,1,ND,1,1,1,1,1,ND,ND,1,1,ND,1,1,ND,ND,ND,1,1,ND,ND,1,1,1,ND,ND,ND,1,1,ND,ND,South America
cbr-1,0,0,1,0,0,0,1,0,0,IRR,ND,IRR,1,1,1,ND,ND,ND,ND,ND,ND,ND,ND,1,1,ND,ND,ND,1,ND,1,0,0,0,0,1,0,IRR,IRR,IRR,IRR,1,ND,1,1,ND,ND,1,ND,ND,ND,ND,1,1,ND,ND,1,1,ND,ND,ND,ND,ND,ND,1,ND,ND,ND,ND,ND,1,ND,ND,ND,ND,1,ND,ND,South America
arn-1,1,0,1,0,0,0,1,0,0,1,ND,ND,ND,ND,1,ND,ND,ND,ND,IRR,ND,ND,ND,ND,ND,ND,1,1,1,ND,0,0,0,ND,1,ND,ND,ND,1,1,0,ND,ND,1,ND,1,ND,ND,ND,1,ND,ND,ND,ND,1,ND,ND,ND,ND,ND,ND,ND,ND,ND,1,ND,ND,ND,1,1,ND,ND,ND,ND,ND,ND,ND,ND,South America
wlv-1,1,0,0,0,0,1,0,0,0,ND,IRR,0,1,1,1,ND,ND,1,1,0,ND,0,1,0,ND,ND,ND,1,1,ND,1,1,IRR,IRR,IRR,IRR,ND,0,1,1,ND,1,1,1,1,1,ND,1,ND,1,1,1,1,1,ND,ND,1,1,ND,ND,ND,ND,ND,ND,1,1,ND,ND,1,1,1,ND,ND,ND,1,1,1,ND,South America
wlv-2,0,0,0,0,1,0,IRR,1,ND,IRR,0,ND,ND,ND,1,ND,ND,ND,ND,ND,ND,ND,ND,ND,ND,ND,ND,1,1,ND,0,0,0,1,0,0,ND,IRR,IRR,IRR,IRR,ND,ND,1,1,ND,ND,ND,ND,ND,ND,ND,ND,ND,ND,ND,ND,1,ND,ND,ND,ND,ND,ND,ND,ND,ND,ND,ND,1,ND,ND,ND,ND,1,1,ND,ND,South America
wlv-3,0,0,0,0,1,0,0,1,ND,IRR,IRR,IRR,IRR,IRR,1,ND,ND,ND,ND,ND,ND,ND,ND,ND,ND,ND,ND,1,1,ND,0,0,0,0,1,0,ND,IRR,IRR,IRR,IRR,ND,ND,1,1,1,ND,ND,ND,ND,ND,1,ND,ND,ND,ND,ND,ND,ND,ND,ND,ND,ND,ND,1,ND,ND,ND,1,ND,ND,ND,ND,ND,ND,1,ND,ND,South America
mcb-1,0,0,0,0,1,0,0,1,0,0,0,0,0,ND,1,ND,ND,ND,ND,1,ND,ND,ND,ND,IRR,IRR,IRR,IRR,IRR,IRR,0,0,0,ND,1,ND,ND,0,1,1,ND,1,ND,1,1,ND,ND,1,ND,ND,ND,ND,ND,ND,ND,ND,ND,1,ND,1,ND,ND,ND,ND,ND,ND,ND,ND,1,ND,1,ND,ND,ND,1,1,ND,ND,South America
gvc-1,0.0,0.0,1.0,1.0,0.0,0.0,0.0,1.0,0.0,1.0,ND,ND,1,1.0,1.0,ND,1,ND,1,ND,1,ND,ND,ND,1.0,ND,1,ND,ND,ND,1,0.0,1,0.0,0.0,0.0,ND,ND,1.0,1.0,ND,ND,1.0,1.0,1,1.0,ND,1,1,ND,1,ND,1,ND,ND,1,ND,ND,ND,ND,1,ND,ND,ND,ND,1.0,ND,ND,1.0,ND,1,ND,1,ND,ND,1.0,ND,ND,South America
pui-1,0,1,0,1,0,1,1,0,ND,1,ND,ND,1,ND,1,ND,ND,ND,1,0,ND,1,ND,ND,1,ND,ND,ND,ND,1,0,0,1,0,1,1,ND,ND,ND,ND,0,1,ND,1,1,1,ND,1,ND,1,ND,ND,ND,1,ND,ND,ND,ND,ND,ND,ND,ND,ND,ND,ND,ND,ND,ND,1,1,ND,ND,ND,ND,ND,1,ND,ND,South America
rma-1,1,0,0,0,0,1,0,0,0,1,ND,ND,ND,ND,1,ND,ND,ND,ND,1,ND,ND,ND,1,1,ND,ND,1,1,1,0,0,0,1,1,1,ND,IRR,IRR,IRR,IRR,ND,ND,1,1,ND,ND,ND,1,ND,ND,ND,ND,1,ND,ND,ND,ND,ND,ND,ND,ND,ND,ND,ND,ND,ND,ND,1,1,ND,ND,1,ND,ND,ND,ND,ND,South America
qwh-1,0,1,0,0,0,1,0,0,0,1,ND,ND,ND,ND,1,ND,ND,ND,ND,ND,ND,ND,ND,ND,ND,ND,ND,1,ND,ND,1,1,0,0,0,0,ND,0,0,0,ND,1,ND,1,1,ND,ND,ND,ND,1,ND,ND,1,1,ND,ND,ND,ND,ND,ND,ND,ND,ND,ND,ND,ND,ND,ND,1,1,ND,ND,ND,ND,ND,ND,ND,ND,South America
qwh-2,0,0,1,0,0,0,0,0,1,ND,ND,ND,ND,ND,1,ND,ND,ND,ND,ND,ND,ND,ND,ND,ND,ND,ND,1,ND,ND,1,0,0,0,0,ND,ND,ND,1,1,ND,ND,ND,1,1,ND,ND,ND,ND,ND,ND,ND,ND,ND,ND,ND,ND,ND,ND,ND,ND,ND,ND,ND,ND,1,ND,ND,ND,ND,ND,ND,ND,ND,ND,ND,ND,ND,South America
ura-1,0,0,1,0,0,0,1,0,0,1,0,ND,ND,ND,1,ND,ND,1,0,ND,ND,ND,ND,ND,1,ND,1,ND,1,ND,1,1,0,0,0,0,0,ND,ND,ND,ND,1,1,1,1,ND,ND,1,1,1,1,1,ND,ND,ND,ND,ND,ND,ND,ND,ND,ND,ND,ND,0,ND,ND,ND,ND,ND,ND,ND,ND,ND,ND,1,ND,ND,South America
xav-1,0,0,1,0,0,0,1,0,0,ND,ND,0,0,0,1,ND,ND,ND,ND,1,ND,ND,ND,ND,1,ND,ND,1,ND,ND,0,0,0,ND,ND,ND,ND,ND,ND,ND,ND,ND,ND,1,1,1,ND,ND,ND,ND,1,1,ND,ND,ND,ND,1,ND,ND,ND,ND,ND,ND,ND,ND,ND,ND,ND,ND,ND,ND,ND,ND,ND,ND,1,ND,ND,South America
ese-1,1,0,0,0,0,1,0,0,0,1,ND,ND,1,1,1,ND,ND,ND,1,0,0,0,1,1,1,ND,1,ND,1,1,0,0,0,1,1,0,ND,0,0,1,1,1,1,1,1,1,ND,1,ND,1,1,1,1,1,1,ND,ND,1,ND,ND,1,ND,ND,ND,ND,0,ND,ND,1,1,ND,ND,ND,1,1,1,ND,ND,South America
